<?xml version="1.0" encoding="UTF-8"?>
<beans xmlns="http://www.springframework.org/schema/beans"
    xmlns:xsi="http://www.w3.org/2001/XMLSchema-instance"
    xmlns:p="http://www.springframework.org/schema/p"
    xmlns:context="http://www.springframework.org/schema/context"
    xmlns:aop="http://www.springframework.org/schema/aop"
    xmlns:tx="http://www.springframework.org/schema/tx"
    xsi:schemaLocation="
        http://www.springframework.org/schema/beans
        http://www.springframework.org/schema/beans/spring-beans.xsd
        http://www.springframework.org/schema/context
        http://www.springframework.org/schema/context/spring-context.xsd
        http://www.springframework.org/schema/aop
        http://www.springframework.org/schema/aop/spring-aop.xsd
        http://www.springframework.org/schema/tx
        http://www.springframework.org/schema/tx/spring-tx.xsd">

    <!-- @Component, @Service, @Repository 애노테이션이 붙은 
         클래를 찾아 인스턴스를 생성한다. 
         물론 의존 객체도 주입해줄 것이다. -->
    <context:component-scan base-package="java100.app">
        <context:exclude-filter type="aspectj"
            expression="java100.app.web.*"/>
    </context:component-scan>

      <!-- mybatis의 SQL 실행 객체 -->
    <bean id="sqlSessionFactory" class="org.mybatis.spring.SqlSessionFactoryBean">
        <property name="dataSource" ref="dataSource"/>
        <property name="mapperLocations" value="classpath*:java100/app/dao/mysql/*Dao.xml"/>
        <property name="typeAliasesPackage" value="java100.app.domain"/> 
    </bean>    
    
    <!-- DB 커넥션 풀 역할을 수행할 DataSource 객체 커넥션을 빌려주는 역활. -->
    <bean id="dataSource" 
          class="org.apache.commons.dbcp2.BasicDataSource" 
          destroy-method="close">
        <property name="driverClassName" value="${jdbc.driverClassName}" />
        <property name="url" value="${jdbc.url}" />
        <property name="username" value="${jdbc.username}" />
        <property name="password" value="${jdbc.password}" />
    </bean>
    
  
    
    <!-- 이 설정 파일에서 사용할 값이 들어 있는 프로퍼티 파일을 로딩하는 객체 등록 -->
    <context:property-placeholder location="classpath*:java100/app/jdbc.properties"/>
    
    <!-- DAO 객체를 자동생성해주는 공장 준비 
         => 다음 객체는 지정된 패키지에서 인터페이스를 찾는다.
         => 그리고 그 인터페이스와 대응하는 SQL Mapper를 찾아 
            DAO 객체를 자동으로 생성한다.
            이때 SQL Mapper 파일의 namespace는 
            인터페이스의 이름(패키지명 포함)과 일치해야 한다.
        -->
    <bean class="org.mybatis.spring.mapper.MapperScannerConfigurer">
      <property name="basePackage" value="java100.app.dao" />
    </bean>
    
    <!-- 트랜잭션 관리자 추가  빌려주는 커넥션을 관리 .  -->
      <bean id="transactionManager" class="org.springframework.jdbc.datasource.DataSourceTransactionManager">
        <property name="dataSource" ref="dataSource"/>
    </bean>
   
    
    <!--  트랜잭션 작업을 수행할 advice 객체 등록
     등록된 트랜잭션 관리자의 id가 'transactionManager'  이 아니라면
     다음과 같인 transaction- Manager 속성을 명시적으로 지정해야 한다
     transaction-manager="transactionManager". -->
      <tx:advice id="txAdvice">
        <tx:attributes>
            <!-- 메서드명이 list로 시작하는 경우 트랜잭션 제외한다. -->
            <tx:method name="list*" read-only="true"/>
            <tx:method name="*"/>
        </tx:attributes>
    </tx:advice>
    
    <!--  트랜잭션 advice를 어떤 메서드에 적용할 것인지 지정한다. -->
    <aop:config>
    <!--  트랜잭션 advice를 적용할 대상을 지정한다 -->
        <aop:pointcut id="serviceOperation" 
            expression="execution(* java100.app.service..*ServiceImpl.*(..))"/>
        <!-- 위에서 선언한 트랜잭션 advice를 pointcut에 연결한다 -->
        <aop:advisor advice-ref="txAdvice" pointcut-ref="serviceOperation"/>
    </aop:config>
</beans>







