<?xml version="1.0" encoding="UTF-8"?>
<!DOCTYPE mapper
  PUBLIC "-//mybatis.org//DTD Mapper 3.0//EN"
  "http://mybatis.org/dtd/mybatis-3-mapper.dtd">

<mapper namespace="java100.app.dao.Cody_CommentDao">
      
     <resultMap type="cody_comment" id="cody_commentMap"> 
     <id column="co_no" property="co_no" />
     <result column="co_no" property="co_no" />
     <result column="conts" property="conts" />
     <result column="id" property="id" />
     <result column="date" property="date" />
     
     </resultMap>
     
     <select id="findAll" resultMap="cody_commentMap" parameterType="map">
        select com_no, co_no, m_no, id, conts, date from cody_comment where co_no=#{co_no}
        </select>
     
     <select id="findBycody_commentMapNo" resultType="cody_comment" parameterType="int">
        select co_no, m_no, conts, date from cody_comment where co_no=#{co_no}
    </select>
   
    <select id="findBycody_commentMapComNo" resultType="cody_comment" parameterType="int">
        select com_no, co_no, m_no, conts, id, date from cody_comment where com_no=#{com_no}
    </select> 
   
   <select id="countAll" resultType="int">
        select count(*) from cody_comment
    </select>
   
   <update id="update" parameterType="cody_comment">
    
       update cody_comment set conts=#{conts}
       where com_no=#{com_no}
     
    </update>
   
    <insert id="insert" parameterType="cody_comment">
        insert into cody_comment(co_no, m_no, conts, id, date)
        values(#{co_no}, #{m_no}, #{conts}, #{id}, now())
    </insert>
    
    <delete id="deleteAllcody_commentNo" parameterType="int">
        delete from cody_comment
        where com_no = #{value}
    </delete>

    <delete id="deleteAllcody_commentCoNo" parameterType="int">
        delete from cody_comment
        where co_no = #{value}
    </delete>


</mapper>