<?xml version="1.0" encoding="UTF-8"?>
<!DOCTYPE mapper
  PUBLIC "-//mybatis.org//DTD Mapper 3.0//EN"
  "http://mybatis.org/dtd/mybatis-3-mapper.dtd">

<mapper namespace="java100.app.dao.FriendDao">
      
     <resultMap type="friend" id="friendMap"> 
     <id column="m_no" property="m_no" />
     <result column="m_no" property="m_no" />       
     <result column="m_no2" property="m_no2" />
     <result column="id" property="id" />
     <result column="m_photo" property="f_photo" />
     </resultMap>

     <select id="findFriend" resultMap="friendMap" parameterType="map">
        select 
            f.m_no,
            f.m_no2,
            m.m_photo,
            m.id,
            m.name,
            m.intro
        from friend as f left join member as m
        on f.m_no2=m.m_no where f.m_no=#{m_no}
        </select>
     
	 <select id="findByMyNo" resultType="friend" parameterType="int">
        select m_no, id, m_photo, name from member where m_no=#{m_no}
    </select>
   
   <select id="countAll" resultType="int">
        select count(*) from friend
    </select>
   
   <update id="update" parameterType="cody_comment">
    
	   update cody_comment set conts=#{conts}
	   where com_no=#{com_no}
	 
    </update>
   
    <insert id="insert" parameterType="friend">
        insert into friend(m_no, m_no2) values(#{m_no},#{m_no2})
    </insert>
    
    <delete id="deleteAllfriendNo" parameterType="friend">
        delete from friend where m_no = #{m_no} and m_no2 = #{m_no2}
    </delete>


</mapper>