<?xml version="1.0" encoding="UTF-8"?>
<!DOCTYPE mapper
  PUBLIC "-//mybatis.org//DTD Mapper 3.0//EN"
  "http://mybatis.org/dtd/mybatis-3-mapper.dtd">

<mapper namespace="java100.app.dao.LikedDao">
      
     <resultMap type="liked" id="likedMap"> 
     <id column="co_no" property="co_no" />
     <result column="name" property="name" />
     </resultMap>
     
     <select id="findAll" resultMap="likedMap" parameterType="map">
        select co_no, m_no, name from liked where co_no=#{co_no}
        </select>
    
     <select id="findBylikeNo" resultType="Liked" parameterType="int">
        select co_no, m_no, name from liked where co_no=#{value}
    </select>
   
    <insert id="insert" parameterType="Liked">
        insert into Liked(name, co_no, m_no)
        values(#{name}, #{co_no}, #{m_no})
    </insert>
    
    <delete id="deleteAllBylikedNo" parameterType="int">
        delete from liked 
        where co_no = #{value}
    </delete>
  
  
  <!-- Liked 테이블 리스트에서 한번에 출력 -->
       <select id="countAll" resultMap="likedMap" parameterType="map">
        select co_no, m_no, name from liked
    </select>

</mapper>