<?xml version="1.0" encoding="UTF-8"?>
<!DOCTYPE mapper
  PUBLIC "-//mybatis.org//DTD Mapper 3.0//EN"
  "http://mybatis.org/dtd/mybatis-3-mapper.dtd">

<mapper namespace="java100.app.dao.TrendDao">

    <resultMap type="trend" id="trendMap">
        <id column="tr_no" property="tr_no" />
        <result column="op_tag" property="op_tag" />
        <result column="photo" property="photo" />


    </resultMap>


    <select id="findAll" resultMap="trendMap" parameterType="map">
        select
        tr_no,
        op_tag,
        photo
        from trend
    </select>

    <select id="findByNo" resultMap="trendMap" parameterType="int">
        select
        tr_no,
        op_tag,
        photo
        from trend
        where tr_no=#{value}
    </select>

    <insert id="insert" parameterType="trend" useGeneratedKeys="true"
        keyColumn="tr_no" keyProperty="tr_no">
        insert into trend(tr_no,op_tag,photo)
        values(#{tr_no},#{op_tag},#{photo})
    </insert>

    <update id="update" parameterType="trend">
        update trend set
        op_tag=#{op_tag},
        photo=#{photo}
        where tr_no=#{tr_no}
    </update>

    <delete id="delete" parameterType="int">
        delete from trend
        where
        tr_no=#{tr_no}
    </delete>

</mapper>